time,T,Vgs,Vds,Id,Cgs,Cgd,Cds
0.0,300,0.0,0.0,0.0,0.0,0.0,9.929327736346237e-23
0.001001001001001001,300,0.0,100.0,0.0,0.0,0.0,8.337470009355457e-24
0.002002002002002002,300,0.0,200.0,0.0,0.0,0.0,5.90575374144646e-24
0.003003003003003003,300,0.0,300.0,0.0,0.0,0.0,4.824833223044732e-24
0.004004004004004004,300,0.0,400.0,0.0,0.0,0.0,4.179644542317538e-24
0.005005005005005005,300,0.0,500.0,0.0,0.0,0.0,3.739040973516833e-24
0.006006006006006006,300,0.0,600.0,0.0,0.0,0.0,3.413659534382499e-24
0.007007007007007007,300,0.0,700.0,0.0,0.0,0.0,3.1606977062050698e-24
0.008008008008008008,300,0.0,800.0,0.0,0.0,0.0,2.956746597759446e-24
0.009009009009009009,300,2.5,0.0,0.0,7.776505554294456e-13,,9.929327736346237e-23
0.01001001001001001,300,2.5,100.0,5.22458223565936e-08,7.776505554294456e-13,0.0,8.337470009355457e-24
0.011011011011011011,300,2.5,200.0,8.707637059432266e-08,7.776505554294456e-13,0.0,5.90575374144646e-24
0.012012012012012012,300,2.5,300.0,1.2190691883205174e-07,7.776505554294456e-13,0.0,4.824833223044732e-24
0.013013013013013013,300,2.5,400.0,1.5673746706978078e-07,7.776505554294456e-13,0.0,4.179644542317538e-24
0.014014014014014014,300,2.5,500.0,1.9156801530750987e-07,7.776505554294456e-13,0.0,3.739040973516833e-24
0.015015015015015015,300,2.5,600.0,2.263985635452389e-07,7.776505554294456e-13,0.0,3.413659534382499e-24
0.016016016016016016,300,2.5,700.0,2.61229111782968e-07,7.776505554294456e-13,0.0,3.1606977062050698e-24
0.017017017017017015,300,2.5,800.0,2.9605966002069704e-07,7.776505554294456e-13,0.0,2.956746597759446e-24
0.018018018018018018,300,5.0,0.0,0.0,8.230358060504626e-13,,9.929327736346237e-23
0.01901901901901902,300,5.0,100.0,3.7152584786911003e-07,8.230358060504626e-13,0.0,8.337470009355457e-24
0.02002002002002002,300,5.0,200.0,6.192097464485168e-07,8.230358060504626e-13,0.0,5.90575374144646e-24
0.02102102102102102,300,5.0,300.0,8.668936450279234e-07,8.230358060504626e-13,0.0,4.824833223044732e-24
0.022022022022022022,300,5.0,400.0,1.11457754360733e-06,8.230358060504626e-13,0.0,4.179644542317538e-24
0.023023023023023025,300,5.0,500.0,1.3622614421867368e-06,8.230358060504626e-13,0.0,3.739040973516833e-24
0.024024024024024024,300,5.0,600.0,1.6099453407661436e-06,8.230358060504626e-13,0.0,3.413659534382499e-24
0.025025025025025023,300,5.0,700.0,1.8576292393455504e-06,8.230358060504626e-13,0.0,3.1606977062050698e-24
0.026026026026026026,300,5.0,800.0,2.105313137924957e-06,8.230358060504626e-13,0.0,2.956746597759446e-24
0.02702702702702703,300,7.5,0.0,0.0,8.275856736971405e-13,,9.929327736346237e-23
0.028028028028028028,300,7.5,100.0,9.810604420293688e-07,8.275856736971405e-13,0.0,8.337470009355457e-24
0.029029029029029027,300,7.5,200.0,1.6351007367156145e-06,8.275856736971405e-13,0.0,5.90575374144646e-24
0.03003003003003003,300,7.5,300.0,2.2891410314018605e-06,8.275856736971405e-13,0.0,4.824833223044732e-24
0.031031031031031032,300,7.5,400.0,2.943181326088106e-06,8.275856736971405e-13,0.0,4.179644542317538e-24
0.03203203203203203,300,7.5,500.0,3.597221620774352e-06,8.275856736971405e-13,0.0,3.739040973516833e-24
0.03303303303303303,300,7.5,600.0,4.251261915460598e-06,8.275856736971405e-13,0.0,3.413659534382499e-24
0.03403403403403403,300,7.5,700.0,4.905302210146844e-06,8.275856736971405e-13,0.0,3.1606977062050698e-24
0.035035035035035036,300,7.5,800.0,5.559342504833089e-06,8.275856736971405e-13,0.0,2.956746597759446e-24
0.036036036036036036,300,10.0,0.0,0.0,8.279659430970277e-13,,9.929327736346237e-23
0.037037037037037035,300,10.0,100.0,1.8808496048373698e-06,8.279659430970277e-13,0.0,8.337470009355457e-24
0.03803803803803804,300,10.0,200.0,3.134749341395616e-06,8.279659430970277e-13,0.0,5.90575374144646e-24
0.03903903903903904,300,10.0,300.0,4.388649077953862e-06,8.279659430970277e-13,0.0,4.824833223044732e-24
0.04004004004004004,300,10.0,400.0,5.642548814512109e-06,8.279659430970277e-13,0.0,4.179644542317538e-24
0.04104104104104104,300,10.0,500.0,6.896448551070356e-06,8.279659430970277e-13,0.0,3.739040973516833e-24
0.04204204204204204,300,10.0,600.0,8.150348287628603e-06,8.279659430970277e-13,0.0,3.413659534382499e-24
0.043043043043043044,300,10.0,700.0,9.404248024186848e-06,8.279659430970277e-13,0.0,3.1606977062050698e-24
0.044044044044044044,300,10.0,800.0,1.0658147760745095e-05,8.279659430970277e-13,0.0,2.956746597759446e-24
0.04504504504504504,300,12.5,0.0,0.0,8.27997204122489e-13,,9.929327736346237e-23
0.04604604604604605,300,12.5,100.0,3.0708933362931124e-06,8.27997204122489e-13,0.0,8.337470009355457e-24
0.04704704704704705,300,12.5,200.0,5.118155560488521e-06,8.27997204122489e-13,0.0,5.90575374144646e-24
0.04804804804804805,300,12.5,300.0,7.165417784683929e-06,8.27997204122489e-13,0.0,4.824833223044732e-24
0.04904904904904905,300,12.5,400.0,9.212680008879337e-06,8.27997204122489e-13,0.0,4.179644542317538e-24
0.050050050050050046,300,12.5,500.0,1.1259942233074746e-05,8.27997204122489e-13,0.0,3.739040973516833e-24
0.05105105105105105,300,12.5,600.0,1.3307204457270155e-05,8.27997204122489e-13,0.0,3.413659534382499e-24
0.05205205205205205,300,12.5,700.0,1.5354466681465562e-05,8.27997204122489e-13,0.0,3.1606977062050698e-24
0.05305305305305305,300,12.5,800.0,1.7401728905660973e-05,8.27997204122489e-13,0.0,2.956746597759446e-24
0.05405405405405406,300,15.0,0.0,0.0,8.279997704982643e-13,,9.929327736346237e-23
0.055055055055055056,300,15.0,100.0,4.551191636396598e-06,8.279997704982643e-13,0.0,8.337470009355457e-24
0.056056056056056056,300,15.0,200.0,7.585319393994331e-06,8.279997704982643e-13,0.0,5.90575374144646e-24
0.057057057057057055,300,15.0,300.0,1.0619447151592062e-05,8.279997704982643e-13,0.0,4.824833223044732e-24
0.058058058058058054,300,15.0,400.0,1.3653574909189795e-05,8.279997704982643e-13,0.0,4.179644542317538e-24
0.05905905905905906,300,15.0,500.0,1.6687702666787526e-05,8.279997704982643e-13,0.0,3.739040973516833e-24
0.06006006006006006,300,15.0,600.0,1.972183042438526e-05,8.279997704982643e-13,0.0,3.413659534382499e-24
0.06106106106106106,300,15.0,700.0,2.275595818198299e-05,8.279997704982643e-13,0.0,3.1606977062050698e-24
0.062062062062062065,300,15.0,800.0,2.5790085939580724e-05,8.279997704982643e-13,0.0,2.956746597759446e-24
0.06306306306306306,300,17.5,0.0,0.0,8.279999811613358e-13,,9.929327736346237e-23
0.06406406406406406,300,17.5,100.0,6.321744505147827e-06,8.279999811613358e-13,0.0,8.337470009355457e-24
0.06506506506506507,300,17.5,200.0,1.0536240841913043e-05,8.279999811613358e-13,0.0,5.90575374144646e-24
0.06606606606606606,300,17.5,300.0,1.4750737178678262e-05,8.279999811613358e-13,0.0,4.824833223044732e-24
0.06706706706706707,300,17.5,400.0,1.896523351544348e-05,8.279999811613358e-13,0.0,4.179644542317538e-24
0.06806806806806806,300,17.5,500.0,2.3179729852208695e-05,8.279999811613358e-13,0.0,3.739040973516833e-24
0.06906906906906907,300,17.5,600.0,2.7394226188973915e-05,8.279999811613358e-13,0.0,3.413659534382499e-24
0.07007007007007007,300,17.5,700.0,3.160872252573913e-05,8.279999811613358e-13,0.0,3.1606977062050698e-24
0.07107107107107107,300,17.5,800.0,3.582321886250435e-05,8.279999811613358e-13,0.0,2.956746597759446e-24
0.07207207207207207,300,20.0,0.0,0.0,8.27999998453628e-13,,9.929327736346237e-23
0.07307307307307308,300,20.0,100.0,8.382551942546796e-06,8.27999998453628e-13,0.0,8.337470009355457e-24
0.07407407407407407,300,20.0,200.0,1.3970919904244658e-05,8.27999998453628e-13,0.0,5.90575374144646e-24
0.07507507507507508,300,20.0,300.0,1.9559287865942523e-05,8.27999998453628e-13,0.0,4.824833223044732e-24
0.07607607607607608,300,20.0,400.0,2.5147655827640385e-05,8.27999998453628e-13,0.0,4.179644542317538e-24
0.07707707707707707,300,20.0,500.0,3.073602378933825e-05,8.27999998453628e-13,0.0,3.739040973516833e-24
0.07807807807807808,300,20.0,600.0,3.632439175103611e-05,8.27999998453628e-13,0.0,3.413659534382499e-24
0.07907907907907907,300,20.0,700.0,4.1912759712733974e-05,8.27999998453628e-13,0.0,3.1606977062050698e-24
0.08008008008008008,300,20.0,800.0,4.750112767443184e-05,8.27999998453628e-13,0.0,2.956746597759446e-24
0.08108108108108109,325,0.0,0.0,0.0,0.0,0.0,9.929327736346237e-23
0.08208208208208208,325,0.0,100.0,0.0,0.0,0.0,8.337470009355457e-24
0.08308308308308308,325,0.0,200.0,0.0,0.0,0.0,5.90575374144646e-24
0.08408408408408408,325,0.0,300.0,0.0,0.0,0.0,4.824833223044732e-24
0.08508508508508508,325,0.0,400.0,0.0,0.0,0.0,4.179644542317538e-24
0.08608608608608609,325,0.0,500.0,0.0,0.0,0.0,3.739040973516833e-24
0.08708708708708708,325,0.0,600.0,0.0,0.0,0.0,3.413659534382499e-24
0.08808808808808809,325,0.0,700.0,0.0,0.0,0.0,3.1606977062050698e-24
0.0890890890890891,325,0.0,800.0,0.0,0.0,0.0,2.956746597759446e-24
0.09009009009009009,325,2.5,0.0,0.0,7.776505554294456e-13,,9.929327736346237e-23
0.09109109109109109,325,2.5,100.0,5.578111618511848e-08,7.776505554294456e-13,0.0,8.337470009355457e-24
0.0920920920920921,325,2.5,200.0,9.296852697519747e-08,7.776505554294456e-13,0.0,5.90575374144646e-24
0.09309309309309309,325,2.5,300.0,1.3015593776527645e-07,7.776505554294456e-13,0.0,4.824833223044732e-24
0.0940940940940941,325,2.5,400.0,1.6734334855535544e-07,7.776505554294456e-13,0.0,4.179644542317538e-24
0.09509509509509509,325,2.5,500.0,2.0453075934543443e-07,7.776505554294456e-13,0.0,3.739040973516833e-24
0.0960960960960961,325,2.5,600.0,2.417181701355134e-07,7.776505554294456e-13,0.0,3.413659534382499e-24
0.0970970970970971,325,2.5,700.0,2.789055809255924e-07,7.776505554294456e-13,0.0,3.1606977062050698e-24
0.0980980980980981,325,2.5,800.0,3.160929917156714e-07,7.776505554294456e-13,0.0,2.956746597759446e-24
0.0990990990990991,325,5.0,0.0,0.0,8.230358060504626e-13,,9.929327736346237e-23
0.10010010010010009,325,5.0,100.0,3.80832365546891e-07,8.230358060504626e-13,0.0,8.337470009355457e-24
0.1011011011011011,325,5.0,200.0,6.347206092448183e-07,8.230358060504626e-13,0.0,5.90575374144646e-24
0.1021021021021021,325,5.0,300.0,8.886088529427457e-07,8.230358060504626e-13,0.0,4.824833223044732e-24
0.1031031031031031,325,5.0,400.0,1.142497096640673e-06,8.230358060504626e-13,0.0,4.179644542317538e-24
0.1041041041041041,325,5.0,500.0,1.3963853403386004e-06,8.230358060504626e-13,0.0,3.739040973516833e-24
0.10510510510510511,325,5.0,600.0,1.6502735840365277e-06,8.230358060504626e-13,0.0,3.413659534382499e-24
0.1061061061061061,325,5.0,700.0,1.904161827734455e-06,8.230358060504626e-13,0.0,3.1606977062050698e-24
0.10710710710710711,325,5.0,800.0,2.1580500714323823e-06,8.230358060504626e-13,0.0,2.956746597759446e-24
0.10810810810810811,325,7.5,0.0,0.0,8.275856736971405e-13,,9.929327736346237e-23
0.1091091091091091,325,7.5,100.0,9.961079446959605e-07,8.275856736971405e-13,0.0,8.337470009355457e-24
0.11011011011011011,325,7.5,200.0,1.6601799078266007e-06,8.275856736971405e-13,0.0,5.90575374144646e-24
0.1111111111111111,325,7.5,300.0,2.324251870957241e-06,8.275856736971405e-13,0.0,4.824833223044732e-24
0.11211211211211211,325,7.5,400.0,2.9883238340878815e-06,8.275856736971405e-13,0.0,4.179644542317538e-24
0.11311311311311312,325,7.5,500.0,3.6523957972185217e-06,8.275856736971405e-13,0.0,3.739040973516833e-24
0.11411411411411411,325,7.5,600.0,4.316467760349162e-06,8.275856736971405e-13,0.0,3.413659534382499e-24
0.11511511511511512,325,7.5,700.0,4.980539723479802e-06,8.275856736971405e-13,0.0,3.1606977062050698e-24
0.11611611611611611,325,7.5,800.0,5.644611686610443e-06,8.275856736971405e-13,0.0,2.956746597759446e-24
0.11711711711711711,325,10.0,0.0,0.0,8.279659430970277e-13,,9.929327736346237e-23
0.11811811811811812,325,10.0,100.0,1.9016078536323274e-06,8.279659430970277e-13,0.0,8.337470009355457e-24
0.11911911911911911,325,10.0,200.0,3.169346422720546e-06,8.279659430970277e-13,0.0,5.90575374144646e-24
0.12012012012012012,325,10.0,300.0,4.437084991808764e-06,8.279659430970277e-13,0.0,4.824833223044732e-24
0.12112112112112113,325,10.0,400.0,5.704823560896982e-06,8.279659430970277e-13,0.0,4.179644542317538e-24
0.12212212212212212,325,10.0,500.0,6.9725621299852e-06,8.279659430970277e-13,0.0,3.739040973516833e-24
0.12312312312312312,325,10.0,600.0,8.240300699073418e-06,8.279659430970277e-13,0.0,3.413659534382499e-24
0.12412412412412413,325,10.0,700.0,9.508039268161637e-06,8.279659430970277e-13,0.0,3.1606977062050698e-24
0.12512512512512514,325,10.0,800.0,1.0775777837249855e-05,8.279659430970277e-13,0.0,2.956746597759446e-24
0.12612612612612611,325,12.5,0.0,0.0,8.27997204122489e-13,,9.929327736346237e-23
0.12712712712712712,325,12.5,100.0,3.09733209235599e-06,8.27997204122489e-13,0.0,8.337470009355457e-24
0.12812812812812813,325,12.5,200.0,5.162220153926651e-06,8.27997204122489e-13,0.0,5.90575374144646e-24
0.12912912912912913,325,12.5,300.0,7.2271082154973105e-06,8.27997204122489e-13,0.0,4.824833223044732e-24
0.13013013013013014,325,12.5,400.0,9.291996277067971e-06,8.27997204122489e-13,0.0,4.179644542317538e-24
0.13113113113113112,325,12.5,500.0,1.1356884338638632e-05,8.27997204122489e-13,0.0,3.739040973516833e-24
0.13213213213213212,325,12.5,600.0,1.342177240020929e-05,8.27997204122489e-13,0.0,3.413659534382499e-24
0.13313313313313313,325,12.5,700.0,1.5486660461779953e-05,8.27997204122489e-13,0.0,3.1606977062050698e-24
0.13413413413413414,325,12.5,800.0,1.755154852335061e-05,8.27997204122489e-13,0.0,2.956746597759446e-24
0.13513513513513514,325,15.0,0.0,0.0,8.279997704982643e-13,,9.929327736346237e-23
0.13613613613613612,325,15.0,100.0,4.583280660866951e-06,8.279997704982643e-13,0.0,8.337470009355457e-24
0.13713713713713713,325,15.0,200.0,7.63880110144492e-06,8.279997704982643e-13,0.0,5.90575374144646e-24
0.13813813813813813,325,15.0,300.0,1.0694321542022888e-05,8.279997704982643e-13,0.0,4.824833223044732e-24
0.13913913913913914,325,15.0,400.0,1.3749841982600854e-05,8.279997704982643e-13,0.0,4.179644542317538e-24
0.14014014014014015,325,15.0,500.0,1.6805362423178822e-05,8.279997704982643e-13,0.0,3.739040973516833e-24
0.14114114114114115,325,15.0,600.0,1.986088286375679e-05,8.279997704982643e-13,0.0,3.413659534382499e-24
0.14214214214214213,325,15.0,700.0,2.2916403304334758e-05,8.279997704982643e-13,0.0,3.1606977062050698e-24
0.14314314314314314,325,15.0,800.0,2.5971923744912725e-05,8.279997704982643e-13,0.0,2.956746597759446e-24
0.14414414414414414,325,17.5,0.0,0.0,8.279999811613358e-13,,9.929327736346237e-23
0.14514514514514515,325,17.5,100.0,6.3594535591652075e-06,8.279999811613358e-13,0.0,8.337470009355457e-24
0.14614614614614616,325,17.5,200.0,1.0599089265275347e-05,8.279999811613358e-13,0.0,5.90575374144646e-24
0.14714714714714713,325,17.5,300.0,1.4838724971385485e-05,8.279999811613358e-13,0.0,4.824833223044732e-24
0.14814814814814814,325,17.5,400.0,1.9078360677495624e-05,8.279999811613358e-13,0.0,4.179644542317538e-24
0.14914914914914915,325,17.5,500.0,2.3317996383605764e-05,8.279999811613358e-13,0.0,3.739040973516833e-24
0.15015015015015015,325,17.5,600.0,2.75576320897159e-05,8.279999811613358e-13,0.0,3.413659534382499e-24
0.15115115115115116,325,17.5,700.0,3.179726779582604e-05,8.279999811613358e-13,0.0,3.1606977062050698e-24
0.15215215215215216,325,17.5,800.0,3.6036903501936175e-05,8.279999811613358e-13,0.0,2.956746597759446e-24
0.15315315315315314,325,20.0,0.0,0.0,8.27999998453628e-13,,9.929327736346237e-23
0.15415415415415415,325,20.0,100.0,8.425850787250763e-06,8.27999998453628e-13,0.0,8.337470009355457e-24
0.15515515515515516,325,20.0,200.0,1.4043084645417939e-05,8.27999998453628e-13,0.0,5.90575374144646e-24
0.15615615615615616,325,20.0,300.0,1.9660318503585114e-05,8.27999998453628e-13,0.0,4.824833223044732e-24
0.15715715715715717,325,20.0,400.0,2.527755236175229e-05,8.27999998453628e-13,0.0,4.179644542317538e-24
0.15815815815815815,325,20.0,500.0,3.089478621991946e-05,8.27999998453628e-13,0.0,3.739040973516833e-24
0.15915915915915915,325,20.0,600.0,3.651202007808664e-05,8.27999998453628e-13,0.0,3.413659534382499e-24
0.16016016016016016,325,20.0,700.0,4.2129253936253816e-05,8.27999998453628e-13,0.0,3.1606977062050698e-24
0.16116116116116116,325,20.0,800.0,4.774648779442099e-05,8.27999998453628e-13,0.0,2.956746597759446e-24
0.16216216216216217,350,0.0,0.0,0.0,0.0,0.0,9.929327736346237e-23
0.16316316316316315,350,0.0,100.0,0.0,0.0,0.0,8.337470009355457e-24
0.16416416416416416,350,0.0,200.0,0.0,0.0,0.0,5.90575374144646e-24
0.16516516516516516,350,0.0,300.0,0.0,0.0,0.0,4.824833223044732e-24
0.16616616616616617,350,0.0,400.0,0.0,0.0,0.0,4.179644542317538e-24
0.16716716716716717,350,0.0,500.0,0.0,0.0,0.0,3.739040973516833e-24
0.16816816816816815,350,0.0,600.0,0.0,0.0,0.0,3.413659534382499e-24
0.16916916916916916,350,0.0,700.0,0.0,0.0,0.0,3.1606977062050698e-24
0.17017017017017017,350,0.0,800.0,0.0,0.0,0.0,2.956746597759446e-24
0.17117117117117117,350,2.5,0.0,0.0,7.776505554294456e-13,,9.929327736346237e-23
0.17217217217217218,350,2.5,100.0,5.9431984989975475e-08,7.776505554294456e-13,0.0,8.337470009355457e-24
0.17317317317317318,350,2.5,200.0,9.90533083166258e-08,7.776505554294456e-13,0.0,5.90575374144646e-24
0.17417417417417416,350,2.5,300.0,1.386746316432761e-07,7.776505554294456e-13,0.0,4.824833223044732e-24
0.17517517517517517,350,2.5,400.0,1.7829595496992643e-07,7.776505554294456e-13,0.0,4.179644542317538e-24
0.17617617617617617,350,2.5,500.0,2.1791727829657674e-07,7.776505554294456e-13,0.0,3.739040973516833e-24
0.17717717717717718,350,2.5,600.0,2.5753860162322707e-07,7.776505554294456e-13,0.0,3.413659534382499e-24
0.1781781781781782,350,2.5,700.0,2.971599249498774e-07,7.776505554294456e-13,0.0,3.1606977062050698e-24
0.17917917917917917,350,2.5,800.0,3.3678124827652767e-07,7.776505554294456e-13,0.0,2.956746597759446e-24
0.18018018018018017,350,5.0,0.0,0.0,8.230358060504626e-13,,9.929327736346237e-23
0.18118118118118118,350,5.0,100.0,3.902545576880811e-07,8.230358060504626e-13,0.0,8.337470009355457e-24
0.18218218218218218,350,5.0,200.0,6.504242628134684e-07,8.230358060504626e-13,0.0,5.90575374144646e-24
0.1831831831831832,350,5.0,300.0,9.105939679388558e-07,8.230358060504626e-13,0.0,4.824833223044732e-24
0.1841841841841842,350,5.0,400.0,1.1707636730642431e-06,8.230358060504626e-13,0.0,4.179644542317538e-24
0.18518518518518517,350,5.0,500.0,1.4309333781896304e-06,8.230358060504626e-13,0.0,3.739040973516833e-24
0.18618618618618618,350,5.0,600.0,1.691103083315018e-06,8.230358060504626e-13,0.0,3.413659534382499e-24
0.1871871871871872,350,5.0,700.0,1.9512727884404053e-06,8.230358060504626e-13,0.0,3.1606977062050698e-24
0.1881881881881882,350,5.0,800.0,2.2114424935657926e-06,8.230358060504626e-13,0.0,2.956746597759446e-24
0.1891891891891892,350,7.5,0.0,0.0,8.275856736971405e-13,,9.929327736346237e-23
0.19019019019019018,350,7.5,100.0,1.011272369595051e-06,8.275856736971405e-13,0.0,8.337470009355457e-24
0.19119119119119118,350,7.5,200.0,1.685453949325085e-06,8.275856736971405e-13,0.0,5.90575374144646e-24
0.1921921921921922,350,7.5,300.0,2.359635529055119e-06,8.275856736971405e-13,0.0,4.824833223044732e-24
0.1931931931931932,350,7.5,400.0,3.0338171087851533e-06,8.275856736971405e-13,0.0,4.179644542317538e-24
0.1941941941941942,350,7.5,500.0,3.707998688515187e-06,8.275856736971405e-13,0.0,3.739040973516833e-24
0.19519519519519518,350,7.5,600.0,4.382180268245221e-06,8.275856736971405e-13,0.0,3.413659534382499e-24
0.1961961961961962,350,7.5,700.0,5.056361847975255e-06,8.275856736971405e-13,0.0,3.1606977062050698e-24
0.1971971971971972,350,7.5,800.0,5.730543427705289e-06,8.275856736971405e-13,0.0,2.956746597759446e-24
0.1981981981981982,350,10.0,0.0,0.0,8.279659430970277e-13,,9.929327736346237e-23
0.1991991991991992,350,10.0,100.0,1.922485420710886e-06,8.279659430970277e-13,0.0,8.337470009355457e-24
0.20020020020020018,350,10.0,200.0,3.204142367851476e-06,8.279659430970277e-13,0.0,5.90575374144646e-24
0.2012012012012012,350,10.0,300.0,4.485799314992066e-06,8.279659430970277e-13,0.0,4.824833223044732e-24
0.2022022022022022,350,10.0,400.0,5.7674562621326574e-06,8.279659430970277e-13,0.0,4.179644542317538e-24
0.2032032032032032,350,10.0,500.0,7.049113209273248e-06,8.279659430970277e-13,0.0,3.739040973516833e-24
0.2042042042042042,350,10.0,600.0,8.330770156413839e-06,8.279659430970277e-13,0.0,3.413659534382499e-24
0.20520520520520522,350,10.0,700.0,9.612427103554428e-06,8.279659430970277e-13,0.0,3.1606977062050698e-24
0.2062062062062062,350,10.0,800.0,1.089408405069502e-05,8.279659430970277e-13,0.0,2.956746597759446e-24
0.2072072072072072,350,12.5,0.0,0.0,8.27997204122489e-13,,9.929327736346237e-23
0.2082082082082082,350,12.5,100.0,3.123893711035585e-06,8.27997204122489e-13,0.0,8.337470009355457e-24
0.2092092092092092,350,12.5,200.0,5.2064895183926425e-06,8.27997204122489e-13,0.0,5.90575374144646e-24
0.21021021021021022,350,12.5,300.0,7.289085325749699e-06,8.27997204122489e-13,0.0,4.824833223044732e-24
0.2112112112112112,350,12.5,400.0,9.371681133106755e-06,8.27997204122489e-13,0.0,4.179644542317538e-24
0.2122122122122122,350,12.5,500.0,1.1454276940463813e-05,8.27997204122489e-13,0.0,3.739040973516833e-24
0.2132132132132132,350,12.5,600.0,1.353687274782087e-05,8.27997204122489e-13,0.0,3.413659534382499e-24
0.21421421421421422,350,12.5,700.0,1.5619468555177927e-05,8.27997204122489e-13,0.0,3.1606977062050698e-24
0.21521521521521522,350,12.5,800.0,1.7702064362534983e-05,8.27997204122489e-13,0.0,2.956746597759446e-24
0.21621621621621623,350,15.0,0.0,0.0,8.279997704982643e-13,,9.929327736346237e-23
0.2172172172172172,350,15.0,100.0,4.615497240569149e-06,8.279997704982643e-13,0.0,8.337470009355457e-24
0.2182182182182182,350,15.0,200.0,7.692495400948581e-06,8.279997704982643e-13,0.0,5.90575374144646e-24
0.21921921921921922,350,15.0,300.0,1.0769493561328014e-05,8.279997704982643e-13,0.0,4.824833223044732e-24
0.22022022022022023,350,15.0,400.0,1.3846491721707447e-05,8.279997704982643e-13,0.0,4.179644542317538e-24
0.22122122122122123,350,15.0,500.0,1.692348988208688e-05,8.279997704982643e-13,0.0,3.739040973516833e-24
0.2222222222222222,350,15.0,600.0,2.0000488042466312e-05,8.279997704982643e-13,0.0,3.413659534382499e-24
0.22322322322322322,350,15.0,700.0,2.3077486202845745e-05,8.279997704982643e-13,0.0,3.1606977062050698e-24
0.22422422422422422,350,15.0,800.0,2.6154484363225178e-05,8.279997704982643e-13,0.0,2.956746597759446e-24
0.22522522522522523,350,17.5,0.0,0.0,8.279999811613358e-13,,9.929327736346237e-23
0.22622622622622623,350,17.5,100.0,6.3972960093115785e-06,8.279999811613358e-13,0.0,8.337470009355457e-24
0.2272272272272272,350,17.5,200.0,1.0662160015519299e-05,8.279999811613358e-13,0.0,5.90575374144646e-24
0.22822822822822822,350,17.5,300.0,1.4927024021727017e-05,8.279999811613358e-13,0.0,4.824833223044732e-24
0.22922922922922923,350,17.5,400.0,1.9191888027934735e-05,8.279999811613358e-13,0.0,4.179644542317538e-24
0.23023023023023023,350,17.5,500.0,2.3456752034142456e-05,8.279999811613358e-13,0.0,3.739040973516833e-24
0.23123123123123124,350,17.5,600.0,2.7721616040350176e-05,8.279999811613358e-13,0.0,3.413659534382499e-24
0.23223223223223222,350,17.5,700.0,3.198648004655789e-05,8.279999811613358e-13,0.0,3.1606977062050698e-24
0.23323323323323322,350,17.5,800.0,3.6251344052765616e-05,8.279999811613358e-13,0.0,2.956746597759446e-24
0.23423423423423423,350,20.0,0.0,0.0,8.27999998453628e-13,,9.929327736346237e-23
0.23523523523523523,350,20.0,100.0,8.469290017262872e-06,8.27999998453628e-13,0.0,8.337470009355457e-24
0.23623623623623624,350,20.0,200.0,1.4115483362104785e-05,8.27999998453628e-13,0.0,5.90575374144646e-24
0.23723723723723725,350,20.0,300.0,1.97616767069467e-05,8.27999998453628e-13,0.0,4.824833223044732e-24
0.23823823823823823,350,20.0,400.0,2.5407870051788613e-05,8.27999998453628e-13,0.0,4.179644542317538e-24
0.23923923923923923,350,20.0,500.0,3.1054063396630527e-05,8.27999998453628e-13,0.0,3.739040973516833e-24
0.24024024024024024,350,20.0,600.0,3.670025674147244e-05,8.27999998453628e-13,0.0,3.413659534382499e-24
0.24124124124124124,350,20.0,700.0,4.234645008631435e-05,8.27999998453628e-13,0.0,3.1606977062050698e-24
0.24224224224224225,350,20.0,800.0,4.799264343115627e-05,8.27999998453628e-13,0.0,2.956746597759446e-24
0.24324324324324323,375,0.0,0.0,0.0,0.0,0.0,9.929327736346237e-23
0.24424424424424424,375,0.0,100.0,0.0,0.0,0.0,8.337470009355457e-24
0.24524524524524524,375,0.0,200.0,0.0,0.0,0.0,5.90575374144646e-24
0.24624624624624625,375,0.0,300.0,0.0,0.0,0.0,4.824833223044732e-24
0.24724724724724725,375,0.0,400.0,0.0,0.0,0.0,4.179644542317538e-24
0.24824824824824826,375,0.0,500.0,0.0,0.0,0.0,3.739040973516833e-24
0.24924924924924924,375,0.0,600.0,0.0,0.0,0.0,3.413659534382499e-24
0.2502502502502503,375,0.0,700.0,0.0,0.0,0.0,3.1606977062050698e-24
0.25125125125125125,375,0.0,800.0,0.0,0.0,0.0,2.956746597759446e-24
0.25225225225225223,375,2.5,0.0,0.0,7.776505554294456e-13,,9.929327736346237e-23
0.25325325325325326,375,2.5,100.0,6.319841089831264e-08,7.776505554294456e-13,0.0,8.337470009355457e-24
0.25425425425425424,375,2.5,200.0,1.0533068483052106e-07,7.776505554294456e-13,0.0,5.90575374144646e-24
0.2552552552552553,375,2.5,300.0,1.4746295876272949e-07,7.776505554294456e-13,0.0,4.824833223044732e-24
0.25625625625625625,375,2.5,400.0,1.895952326949379e-07,7.776505554294456e-13,0.0,4.179644542317538e-24
0.25725725725725723,375,2.5,500.0,2.3172750662714632e-07,7.776505554294456e-13,0.0,3.739040973516833e-24
0.25825825825825827,375,2.5,600.0,2.7385978055935476e-07,7.776505554294456e-13,0.0,3.413659534382499e-24
0.25925925925925924,375,2.5,700.0,3.159920544915632e-07,7.776505554294456e-13,0.0,3.1606977062050698e-24
0.2602602602602603,375,2.5,800.0,3.581243284237716e-07,7.776505554294456e-13,0.0,2.956746597759446e-24
0.26126126126126126,375,5.0,0.0,0.0,8.230358060504626e-13,,9.929327736346237e-23
0.26226226226226224,375,5.0,100.0,3.997923348746335e-07,8.230358060504626e-13,0.0,8.337470009355457e-24
0.26326326326326327,375,5.0,200.0,6.663205581243891e-07,8.230358060504626e-13,0.0,5.90575374144646e-24
0.26426426426426425,375,5.0,300.0,9.328487813741448e-07,8.230358060504626e-13,0.0,4.824833223044732e-24
0.2652652652652653,375,5.0,400.0,1.1993770046239005e-06,8.230358060504626e-13,0.0,4.179644542317538e-24
0.26626626626626626,375,5.0,500.0,1.465905227873656e-06,8.230358060504626e-13,0.0,3.739040973516833e-24
0.26726726726726724,375,5.0,600.0,1.7324334511234119e-06,8.230358060504626e-13,0.0,3.413659534382499e-24
0.2682682682682683,375,5.0,700.0,1.9989616743731675e-06,8.230358060504626e-13,0.0,3.1606977062050698e-24
0.26926926926926925,375,5.0,800.0,2.265489897622923e-06,8.230358060504626e-13,0.0,2.956746597759446e-24
0.2702702702702703,375,7.5,0.0,0.0,8.275856736971405e-13,,9.929327736346237e-23
0.27127127127127126,375,7.5,100.0,1.0265534346926103e-06,8.275856736971405e-13,0.0,8.337470009355457e-24
0.27227227227227224,375,7.5,200.0,1.7109223911543502e-06,8.275856736971405e-13,0.0,5.90575374144646e-24
0.2732732732732733,375,7.5,300.0,2.3952913476160905e-06,8.275856736971405e-13,0.0,4.824833223044732e-24
0.27427427427427425,375,7.5,400.0,3.0796603040778304e-06,8.275856736971405e-13,0.0,4.179644542317538e-24
0.2752752752752753,375,7.5,500.0,3.7640292605395707e-06,8.275856736971405e-13,0.0,3.739040973516833e-24
0.27627627627627627,375,7.5,600.0,4.448398217001311e-06,8.275856736971405e-13,0.0,3.413659534382499e-24
0.2772772772772773,375,7.5,700.0,5.1327671734630505e-06,8.275856736971405e-13,0.0,3.1606977062050698e-24
0.2782782782782783,375,7.5,800.0,5.817136129924791e-06,8.275856736971405e-13,0.0,2.956746597759446e-24
0.27927927927927926,375,10.0,0.0,0.0,8.279659430970277e-13,,9.929327736346237e-23
0.2802802802802803,375,10.0,100.0,1.943481710352243e-06,8.279659430970277e-13,0.0,8.337470009355457e-24
0.28128128128128127,375,10.0,200.0,3.2391361839204043e-06,8.279659430970277e-13,0.0,5.90575374144646e-24
0.2822822822822823,375,10.0,300.0,4.5347906574885666e-06,8.279659430970277e-13,0.0,4.824833223044732e-24
0.2832832832832833,375,10.0,400.0,5.830445131056728e-06,8.279659430970277e-13,0.0,4.179644542317538e-24
0.28428428428428426,375,10.0,500.0,7.12609960462489e-06,8.279659430970277e-13,0.0,3.739040973516833e-24
0.2852852852852853,375,10.0,600.0,8.421754078193052e-06,8.279659430970277e-13,0.0,3.413659534382499e-24
0.2862862862862863,375,10.0,700.0,9.717408551761214e-06,8.279659430970277e-13,0.0,3.1606977062050698e-24
0.2872872872872873,375,10.0,800.0,1.1013063025329375e-05,8.279659430970277e-13,0.0,2.956746597759446e-24
0.2882882882882883,375,12.5,0.0,0.0,8.27997204122489e-13,,9.929327736346237e-23
0.28928928928928926,375,12.5,100.0,3.150577161853531e-06,8.27997204122489e-13,0.0,8.337470009355457e-24
0.2902902902902903,375,12.5,200.0,5.250961936422551e-06,8.27997204122489e-13,0.0,5.90575374144646e-24
0.2912912912912913,375,12.5,300.0,7.351346710991572e-06,8.27997204122489e-13,0.0,4.824833223044732e-24
0.2922922922922923,375,12.5,400.0,9.451731485560593e-06,8.27997204122489e-13,0.0,4.179644542317538e-24
0.2932932932932933,375,12.5,500.0,1.1552116260129613e-05,8.27997204122489e-13,0.0,3.739040973516833e-24
0.29429429429429427,375,12.5,600.0,1.3652501034698633e-05,8.27997204122489e-13,0.0,3.413659534382499e-24
0.2952952952952953,375,12.5,700.0,1.5752885809267653e-05,8.27997204122489e-13,0.0,3.1606977062050698e-24
0.2962962962962963,375,12.5,800.0,1.7853270583836675e-05,8.27997204122489e-13,0.0,2.956746597759446e-24
0.2972972972972973,375,15.0,0.0,0.0,8.279997704982643e-13,,9.929327736346237e-23
0.2982982982982983,375,15.0,100.0,4.647839789196475e-06,8.279997704982643e-13,0.0,8.337470009355457e-24
0.29929929929929927,375,15.0,200.0,7.746399648660792e-06,8.279997704982643e-13,0.0,5.90575374144646e-24
0.3003003003003003,375,15.0,300.0,1.0844959508125109e-05,8.279997704982643e-13,0.0,4.824833223044732e-24
0.3013013013013013,375,15.0,400.0,1.3943519367589426e-05,8.279997704982643e-13,0.0,4.179644542317538e-24
0.3023023023023023,375,15.0,500.0,1.704207922705374e-05,8.279997704982643e-13,0.0,3.739040973516833e-24
0.3033033033033033,375,15.0,600.0,2.014063908651806e-05,8.279997704982643e-13,0.0,3.413659534382499e-24
0.30430430430430433,375,15.0,700.0,2.3239198945982374e-05,8.279997704982643e-13,0.0,3.1606977062050698e-24
0.3053053053053053,375,15.0,800.0,2.6337758805446695e-05,8.279997704982643e-13,0.0,2.956746597759446e-24
0.3063063063063063,375,17.5,0.0,0.0,8.279999811613358e-13,,9.929327736346237e-23
0.3073073073073073,375,17.5,100.0,6.435269592381075e-06,8.279999811613358e-13,0.0,8.337470009355457e-24
0.3083083083083083,375,17.5,200.0,1.0725449320635125e-05,8.279999811613358e-13,0.0,5.90575374144646e-24
0.30930930930930933,375,17.5,300.0,1.5015629048889175e-05,8.279999811613358e-13,0.0,4.824833223044732e-24
0.3103103103103103,375,17.5,400.0,1.9305808777143225e-05,8.279999811613358e-13,0.0,4.179644542317538e-24
0.3113113113113113,375,17.5,500.0,2.3595988505397275e-05,8.279999811613358e-13,0.0,3.739040973516833e-24
0.3123123123123123,375,17.5,600.0,2.7886168233651324e-05,8.279999811613358e-13,0.0,3.413659534382499e-24
0.3133133133133133,375,17.5,700.0,3.2176347961905374e-05,8.279999811613358e-13,0.0,3.1606977062050698e-24
0.31431431431431434,375,17.5,800.0,3.6466527690159424e-05,8.279999811613358e-13,0.0,2.956746597759446e-24
0.3153153153153153,375,20.0,0.0,0.0,8.27999998453628e-13,,9.929327736346237e-23
0.3163163163163163,375,20.0,100.0,8.51286657140733e-06,8.27999998453628e-13,0.0,8.337470009355457e-24
0.3173173173173173,375,20.0,200.0,1.4188110952345551e-05,8.27999998453628e-13,0.0,5.90575374144646e-24
0.3183183183183183,375,20.0,300.0,1.9863355333283772e-05,8.27999998453628e-13,0.0,4.824833223044732e-24
0.31931931931931934,375,20.0,400.0,2.553859971422199e-05,8.27999998453628e-13,0.0,4.179644542317538e-24
0.3203203203203203,375,20.0,500.0,3.121384409516021e-05,8.27999998453628e-13,0.0,3.739040973516833e-24
0.3213213213213213,375,20.0,600.0,3.688908847609843e-05,8.27999998453628e-13,0.0,3.413659534382499e-24
0.32232232232232233,375,20.0,700.0,4.256433285703665e-05,8.27999998453628e-13,0.0,3.1606977062050698e-24
0.3233233233233233,375,20.0,800.0,4.823957723797487e-05,8.27999998453628e-13,0.0,2.956746597759446e-24
0.32432432432432434,400,0.0,0.0,0.0,0.0,0.0,9.929327736346237e-23
0.3253253253253253,400,0.0,100.0,0.0,0.0,0.0,8.337470009355457e-24
0.3263263263263263,400,0.0,200.0,0.0,0.0,0.0,5.90575374144646e-24
0.32732732732732733,400,0.0,300.0,0.0,0.0,0.0,4.824833223044732e-24
0.3283283283283283,400,0.0,400.0,0.0,0.0,0.0,4.179644542317538e-24
0.32932932932932935,400,0.0,500.0,0.0,0.0,0.0,3.739040973516833e-24
0.3303303303303303,400,0.0,600.0,0.0,0.0,0.0,3.413659534382499e-24
0.3313313313313313,400,0.0,700.0,0.0,0.0,0.0,3.1606977062050698e-24
0.33233233233233234,400,0.0,800.0,0.0,0.0,0.0,2.956746597759446e-24
0.3333333333333333,400,2.5,0.0,0.0,7.776505554294456e-13,,9.929327736346237e-23
0.33433433433433435,400,2.5,100.0,6.708037690203024e-08,7.776505554294456e-13,0.0,8.337470009355457e-24
0.3353353353353353,400,2.5,200.0,1.118006281700504e-07,7.776505554294456e-13,0.0,5.90575374144646e-24
0.3363363363363363,400,2.5,300.0,1.5652087943807055e-07,7.776505554294456e-13,0.0,4.824833223044732e-24
0.33733733733733734,400,2.5,400.0,2.0124113070609073e-07,7.776505554294456e-13,0.0,4.179644542317538e-24
0.3383383383383383,400,2.5,500.0,2.4596138197411086e-07,7.776505554294456e-13,0.0,3.739040973516833e-24
0.33933933933933935,400,2.5,600.0,2.9068163324213104e-07,7.776505554294456e-13,0.0,3.413659534382499e-24
0.34034034034034033,400,2.5,700.0,3.354018845101512e-07,7.776505554294456e-13,0.0,3.1606977062050698e-24
0.34134134134134136,400,2.5,800.0,3.8012213577817135e-07,7.776505554294456e-13,0.0,2.956746597759446e-24
0.34234234234234234,400,5.0,0.0,0.0,8.230358060504626e-13,,9.929327736346237e-23
0.3433433433433433,400,5.0,100.0,4.094456223362677e-07,8.230358060504626e-13,0.0,8.337470009355457e-24
0.34434434434434436,400,5.0,200.0,6.824093705604462e-07,8.230358060504626e-13,0.0,5.90575374144646e-24
0.34534534534534533,400,5.0,300.0,9.553731187846247e-07,8.230358060504626e-13,0.0,4.824833223044732e-24
0.34634634634634637,400,5.0,400.0,1.228336867008803e-06,8.230358060504626e-13,0.0,4.179644542317538e-24
0.34734734734734735,400,5.0,500.0,1.5013006152329816e-06,8.230358060504626e-13,0.0,3.739040973516833e-24
0.3483483483483483,400,5.0,600.0,1.7742643634571599e-06,8.230358060504626e-13,0.0,3.413659534382499e-24
0.34934934934934936,400,5.0,700.0,2.0472281116813386e-06,8.230358060504626e-13,0.0,3.1606977062050698e-24
0.35035035035035034,400,5.0,800.0,2.320191859905517e-06,8.230358060504626e-13,0.0,2.956746597759446e-24
0.35135135135135137,400,7.5,0.0,0.0,8.275856736971405e-13,,9.929327736346237e-23
0.35235235235235235,400,7.5,100.0,1.0419509062740962e-06,8.275856736971405e-13,0.0,8.337470009355457e-24
0.3533533533533533,400,7.5,200.0,1.7365848437901602e-06,8.275856736971405e-13,0.0,5.90575374144646e-24
0.35435435435435436,400,7.5,300.0,2.4312187813062244e-06,8.275856736971405e-13,0.0,4.824833223044732e-24
0.35535535535535534,400,7.5,400.0,3.1258527188222884e-06,8.275856736971405e-13,0.0,4.179644542317538e-24
0.3563563563563564,400,7.5,500.0,3.820486656338352e-06,8.275856736971405e-13,0.0,3.739040973516833e-24
0.35735735735735735,400,7.5,600.0,4.515120593854416e-06,8.275856736971405e-13,0.0,3.413659534382499e-24
0.35835835835835833,400,7.5,700.0,5.20975453137048e-06,8.275856736971405e-13,0.0,3.1606977062050698e-24
0.35935935935935936,400,7.5,800.0,5.904388468886545e-06,8.275856736971405e-13,0.0,2.956746597759446e-24
0.36036036036036034,400,10.0,0.0,0.0,8.279659430970277e-13,,9.929327736346237e-23
0.3613613613613614,400,10.0,100.0,1.9645962287155155e-06,8.279659430970277e-13,0.0,8.337470009355457e-24
0.36236236236236236,400,10.0,200.0,3.274327047859192e-06,8.279659430970277e-13,0.0,5.90575374144646e-24
0.36336336336336333,400,10.0,300.0,4.584057867002869e-06,8.279659430970277e-13,0.0,4.824833223044732e-24
0.36436436436436437,400,10.0,400.0,5.893788686146546e-06,8.279659430970277e-13,0.0,4.179644542317538e-24
0.36536536536536535,400,10.0,500.0,7.203519505290223e-06,8.279659430970277e-13,0.0,3.739040973516833e-24
0.3663663663663664,400,10.0,600.0,8.5132503244339e-06,8.279659430970277e-13,0.0,3.413659534382499e-24
0.36736736736736736,400,10.0,700.0,9.822981143577577e-06,8.279659430970277e-13,0.0,3.1606977062050698e-24
0.3683683683683684,400,10.0,800.0,1.1132711962721254e-05,8.279659430970277e-13,0.0,2.956746597759446e-24
0.36936936936936937,400,12.5,0.0,0.0,8.27997204122489e-13,,9.929327736346237e-23
0.37037037037037035,400,12.5,100.0,3.177381589660526e-06,8.27997204122489e-13,0.0,8.337470009355457e-24
0.3713713713713714,400,12.5,200.0,5.295635982767543e-06,8.27997204122489e-13,0.0,5.90575374144646e-24
0.37237237237237236,400,12.5,300.0,7.4138903758745605e-06,8.27997204122489e-13,0.0,4.824833223044732e-24
0.3733733733733734,400,12.5,400.0,9.532144768981579e-06,8.27997204122489e-13,0.0,4.179644542317538e-24
0.3743743743743744,400,12.5,500.0,1.1650399162088594e-05,8.27997204122489e-13,0.0,3.739040973516833e-24
0.37537537537537535,400,12.5,600.0,1.3768653555195613e-05,8.27997204122489e-13,0.0,3.413659534382499e-24
0.3763763763763764,400,12.5,700.0,1.588690794830263e-05,8.27997204122489e-13,0.0,3.1606977062050698e-24
0.37737737737737737,400,12.5,800.0,1.8005162341409648e-05,8.27997204122489e-13,0.0,2.956746597759446e-24
0.3783783783783784,400,15.0,0.0,0.0,8.279997704982643e-13,,9.929327736346237e-23
0.3793793793793794,400,15.0,100.0,4.680306989109127e-06,8.279997704982643e-13,0.0,8.337470009355457e-24
0.38038038038038036,400,15.0,200.0,7.800511648515212e-06,8.279997704982643e-13,0.0,5.90575374144646e-24
0.3813813813813814,400,15.0,300.0,1.0920716307921297e-05,8.279997704982643e-13,0.0,4.824833223044732e-24
0.38238238238238237,400,15.0,400.0,1.4040920967327382e-05,8.279997704982643e-13,0.0,4.179644542317538e-24
0.3833833833833834,400,15.0,500.0,1.7161125626733466e-05,8.279997704982643e-13,0.0,3.739040973516833e-24
0.3843843843843844,400,15.0,600.0,2.028133028613955e-05,8.279997704982643e-13,0.0,3.413659534382499e-24
0.38538538538538536,400,15.0,700.0,2.3401534945545636e-05,8.279997704982643e-13,0.0,3.1606977062050698e-24
0.3863863863863864,400,15.0,800.0,2.652173960495172e-05,8.279997704982643e-13,0.0,2.956746597759446e-24
0.38738738738738737,400,17.5,0.0,0.0,8.279999811613358e-13,,9.929327736346237e-23
0.3883883883883884,400,17.5,100.0,6.47337242706132e-06,8.279999811613358e-13,0.0,8.337470009355457e-24
0.3893893893893894,400,17.5,200.0,1.0788954045102201e-05,8.279999811613358e-13,0.0,5.90575374144646e-24
0.39039039039039036,400,17.5,300.0,1.510453566314308e-05,8.279999811613358e-13,0.0,4.824833223044732e-24
0.3913913913913914,400,17.5,400.0,1.942011728118396e-05,8.279999811613358e-13,0.0,4.179644542317538e-24
0.3923923923923924,400,17.5,500.0,2.3735698899224842e-05,8.279999811613358e-13,0.0,3.739040973516833e-24
0.3933933933933934,400,17.5,600.0,2.805128051726572e-05,8.279999811613358e-13,0.0,3.413659534382499e-24
0.3943943943943944,400,17.5,700.0,3.23668621353066e-05,8.279999811613358e-13,0.0,3.1606977062050698e-24
0.39539539539539537,400,17.5,800.0,3.668244375334748e-05,8.279999811613358e-13,0.0,2.956746597759446e-24
0.3963963963963964,400,20.0,0.0,0.0,8.27999998453628e-13,,9.929327736346237e-23
0.3973973973973974,400,20.0,100.0,8.556577903517105e-06,8.27999998453628e-13,0.0,8.337470009355457e-24
0.3983983983983984,400,20.0,200.0,1.4260963172528506e-05,8.27999998453628e-13,0.0,5.90575374144646e-24
0.3993993993993994,400,20.0,300.0,1.996534844153991e-05,8.27999998453628e-13,0.0,4.824833223044732e-24
0.40040040040040037,400,20.0,400.0,2.566973371055131e-05,8.27999998453628e-13,0.0,4.179644542317538e-24
0.4014014014014014,400,20.0,500.0,3.1374118979562715e-05,8.27999998453628e-13,0.0,3.739040973516833e-24
0.4024024024024024,400,20.0,600.0,3.7078504248574116e-05,8.27999998453628e-13,0.0,3.413659534382499e-24
0.4034034034034034,400,20.0,700.0,4.2782889517585517e-05,8.27999998453628e-13,0.0,3.1606977062050698e-24
0.4044044044044044,400,20.0,800.0,4.8487274786596924e-05,8.27999998453628e-13,0.0,2.956746597759446e-24
0.40540540540540543,425,0.0,0.0,0.0,0.0,0.0,9.929327736346237e-23
0.4064064064064064,425,0.0,100.0,0.0,0.0,0.0,8.337470009355457e-24
0.4074074074074074,425,0.0,200.0,0.0,0.0,0.0,5.90575374144646e-24
0.4084084084084084,425,0.0,300.0,0.0,0.0,0.0,4.824833223044732e-24
0.4094094094094094,425,0.0,400.0,0.0,0.0,0.0,4.179644542317538e-24
0.41041041041041043,425,0.0,500.0,0.0,0.0,0.0,3.739040973516833e-24
0.4114114114114114,425,0.0,600.0,0.0,0.0,0.0,3.413659534382499e-24
0.4124124124124124,425,0.0,700.0,0.0,0.0,0.0,3.1606977062050698e-24
0.4134134134134134,425,0.0,800.0,0.0,0.0,0.0,2.956746597759446e-24
0.4144144144144144,425,2.5,0.0,0.0,7.776505554294456e-13,,9.929327736346237e-23
0.41541541541541543,425,2.5,100.0,7.107786669377333e-08,7.776505554294456e-13,0.0,8.337470009355457e-24
0.4164164164164164,425,2.5,200.0,1.1846311115628891e-07,7.776505554294456e-13,0.0,5.90575374144646e-24
0.4174174174174174,425,2.5,300.0,1.6584835561880445e-07,7.776505554294456e-13,0.0,4.824833223044732e-24
0.4184184184184184,425,2.5,400.0,2.1323360008132003e-07,7.776505554294456e-13,0.0,4.179644542317538e-24
0.4194194194194194,425,2.5,500.0,2.606188445438356e-07,7.776505554294456e-13,0.0,3.739040973516833e-24
0.42042042042042044,425,2.5,600.0,3.080040890063511e-07,7.776505554294456e-13,0.0,3.413659534382499e-24
0.4214214214214214,425,2.5,700.0,3.553893334688667e-07,7.776505554294456e-13,0.0,3.1606977062050698e-24
0.4224224224224224,425,2.5,800.0,4.0277457793138227e-07,7.776505554294456e-13,0.0,2.956746597759446e-24
0.42342342342342343,425,5.0,0.0,0.0,8.230358060504626e-13,,9.929327736346237e-23
0.4244244244244244,425,5.0,100.0,4.1921435662245913e-07,8.230358060504626e-13,0.0,8.337470009355457e-24
0.42542542542542544,425,5.0,200.0,6.986905943707652e-07,8.230358060504626e-13,0.0,5.90575374144646e-24
0.4264264264264264,425,5.0,300.0,9.781668321190714e-07,8.230358060504626e-13,0.0,4.824833223044732e-24
0.4274274274274274,425,5.0,400.0,1.2576430698673773e-06,8.230358060504626e-13,0.0,4.179644542317538e-24
0.42842842842842843,425,5.0,500.0,1.5371193076156836e-06,8.230358060504626e-13,0.0,3.739040973516833e-24
0.4294294294294294,425,5.0,600.0,1.8165955453639895e-06,8.230358060504626e-13,0.0,3.413659534382499e-24
0.43043043043043044,425,5.0,700.0,2.0960717831122958e-06,8.230358060504626e-13,0.0,3.1606977062050698e-24
0.4314314314314314,425,5.0,800.0,2.3755480208606017e-06,8.230358060504626e-13,0.0,2.956746597759446e-24
0.43243243243243246,425,7.5,0.0,0.0,8.275856736971405e-13,,9.929327736346237e-23
0.43343343343343343,425,7.5,100.0,1.057464588158383e-06,8.275856736971405e-13,0.0,8.337470009355457e-24
0.4344344344344344,425,7.5,200.0,1.7624409802639715e-06,8.275856736971405e-13,0.0,5.90575374144646e-24
0.43543543543543545,425,7.5,300.0,2.4674173723695603e-06,8.275856736971405e-13,0.0,4.824833223044732e-24
0.4364364364364364,425,7.5,400.0,3.1723937644751488e-06,8.275856736971405e-13,0.0,4.179644542317538e-24
0.43743743743743746,425,7.5,500.0,3.877370156580738e-06,8.275856736971405e-13,0.0,3.739040973516833e-24
0.43843843843843844,425,7.5,600.0,4.582346548686326e-06,8.275856736971405e-13,0.0,3.413659534382499e-24
0.4394394394394394,425,7.5,700.0,5.287322940791915e-06,8.275856736971405e-13,0.0,3.1606977062050698e-24
0.44044044044044045,425,7.5,800.0,5.992299332897503e-06,8.275856736971405e-13,0.0,2.956746597759446e-24
0.44144144144144143,425,10.0,0.0,0.0,8.279659430970277e-13,,9.929327736346237e-23
0.44244244244244246,425,10.0,100.0,1.985828561301545e-06,8.279659430970277e-13,0.0,8.337470009355457e-24
0.44344344344344344,425,10.0,200.0,3.3097142688359084e-06,8.279659430970277e-13,0.0,5.90575374144646e-24
0.4444444444444444,425,10.0,300.0,4.633599976370272e-06,8.279659430970277e-13,0.0,4.824833223044732e-24
0.44544544544544545,425,10.0,400.0,5.9574856839046346e-06,8.279659430970277e-13,0.0,4.179644542317538e-24
0.44644644644644643,425,10.0,500.0,7.281371391438998e-06,8.279659430970277e-13,0.0,3.739040973516833e-24
0.44744744744744747,425,10.0,600.0,8.605257098973362e-06,8.279659430970277e-13,0.0,3.413659534382499e-24
0.44844844844844844,425,10.0,700.0,9.929142806507724e-06,8.279659430970277e-13,0.0,3.1606977062050698e-24
0.4494494494494494,425,10.0,800.0,1.1253028514042089e-05,8.279659430970277e-13,0.0,2.956746597759446e-24
0.45045045045045046,425,12.5,0.0,0.0,8.27997204122489e-13,,9.929327736346237e-23
0.45145145145145144,425,12.5,100.0,3.204306276051945e-06,8.27997204122489e-13,0.0,8.337470009355457e-24
0.45245245245245247,425,12.5,200.0,5.3405104600865754e-06,8.27997204122489e-13,0.0,5.90575374144646e-24
0.45345345345345345,425,12.5,300.0,7.476714644121205e-06,8.27997204122489e-13,0.0,4.824833223044732e-24
0.4544544544544544,425,12.5,400.0,9.612918828155835e-06,8.27997204122489e-13,0.0,4.179644542317538e-24
0.45545545545545546,425,12.5,500.0,1.1749123012190465e-05,8.27997204122489e-13,0.0,3.739040973516833e-24
0.45645645645645644,425,12.5,600.0,1.3885327196225095e-05,8.27997204122489e-13,0.0,3.413659534382499e-24
0.4574574574574575,425,12.5,700.0,1.6021531380259725e-05,8.27997204122489e-13,0.0,3.1606977062050698e-24
0.45845845845845845,425,12.5,800.0,1.8157735564294355e-05,8.27997204122489e-13,0.0,2.956746597759446e-24
0.45945945945945943,425,15.0,0.0,0.0,8.279997704982643e-13,,9.929327736346237e-23
0.46046046046046046,425,15.0,100.0,4.712897732409583e-06,8.279997704982643e-13,0.0,8.337470009355457e-24
0.46146146146146144,425,15.0,200.0,7.854829554015973e-06,8.279997704982643e-13,0.0,5.90575374144646e-24
0.4624624624624625,425,15.0,300.0,1.099676137562236e-05,8.279997704982643e-13,0.0,4.824833223044732e-24
0.46346346346346345,425,15.0,400.0,1.413869319722875e-05,8.279997704982643e-13,0.0,4.179644542317538e-24
0.46446446446446443,425,15.0,500.0,1.728062501883514e-05,8.279997704982643e-13,0.0,3.739040973516833e-24
0.46546546546546547,425,15.0,600.0,2.0422556840441526e-05,8.279997704982643e-13,0.0,3.413659534382499e-24
0.46646646646646645,425,15.0,700.0,2.3564488662047916e-05,8.279997704982643e-13,0.0,3.1606977062050698e-24
0.4674674674674675,425,15.0,800.0,2.6706420483654306e-05,8.279997704982643e-13,0.0,2.956746597759446e-24
0.46846846846846846,425,17.5,0.0,0.0,8.279999811613358e-13,,9.929327736346237e-23
0.4694694694694695,425,17.5,100.0,6.51160293037446e-06,8.279999811613358e-13,0.0,8.337470009355457e-24
0.47047047047047047,425,17.5,200.0,1.08526715506241e-05,8.279999811613358e-13,0.0,5.90575374144646e-24
0.47147147147147145,425,17.5,300.0,1.519374017087374e-05,8.279999811613358e-13,0.0,4.824833223044732e-24
0.4724724724724725,425,17.5,400.0,1.953480879112338e-05,8.279999811613358e-13,0.0,4.179644542317538e-24
0.47347347347347346,425,17.5,500.0,2.387587741137302e-05,8.279999811613358e-13,0.0,3.739040973516833e-24
0.4744744744744745,425,17.5,600.0,2.821694603162266e-05,8.279999811613358e-13,0.0,3.413659534382499e-24
0.4754754754754755,425,17.5,700.0,3.25580146518723e-05,8.279999811613358e-13,0.0,3.1606977062050698e-24
0.47647647647647645,425,17.5,800.0,3.689908327212194e-05,8.279999811613358e-13,0.0,2.956746597759446e-24
0.4774774774774775,425,20.0,0.0,0.0,8.27999998453628e-13,,9.929327736346237e-23
0.47847847847847846,425,20.0,100.0,8.600421869946575e-06,8.27999998453628e-13,0.0,8.337470009355457e-24
0.4794794794794795,425,20.0,200.0,1.4334036449910956e-05,8.27999998453628e-13,0.0,5.90575374144646e-24
0.4804804804804805,425,20.0,300.0,2.006765102987534e-05,8.27999998453628e-13,0.0,4.824833223044732e-24
0.48148148148148145,425,20.0,400.0,2.580126560983972e-05,8.27999998453628e-13,0.0,4.179644542317538e-24
0.4824824824824825,425,20.0,500.0,3.1534880189804106e-05,8.27999998453628e-13,0.0,3.739040973516833e-24
0.48348348348348347,425,20.0,600.0,3.7268494769768487e-05,8.27999998453628e-13,0.0,3.413659534382499e-24
0.4844844844844845,425,20.0,700.0,4.300210934973287e-05,8.27999998453628e-13,0.0,3.1606977062050698e-24
0.4854854854854855,425,20.0,800.0,4.8735723929697255e-05,8.27999998453628e-13,0.0,2.956746597759446e-24
0.48648648648648646,450,0.0,0.0,0.0,0.0,0.0,9.929327736346237e-23
0.4874874874874875,450,0.0,100.0,0.0,0.0,0.0,8.337470009355457e-24
0.48848848848848847,450,0.0,200.0,0.0,0.0,0.0,5.90575374144646e-24
0.4894894894894895,450,0.0,300.0,0.0,0.0,0.0,4.824833223044732e-24
0.4904904904904905,450,0.0,400.0,0.0,0.0,0.0,4.179644542317538e-24
0.49149149149149146,450,0.0,500.0,0.0,0.0,0.0,3.739040973516833e-24
0.4924924924924925,450,0.0,600.0,0.0,0.0,0.0,3.413659534382499e-24
0.4934934934934935,450,0.0,700.0,0.0,0.0,0.0,3.1606977062050698e-24
0.4944944944944945,450,0.0,800.0,0.0,0.0,0.0,2.956746597759446e-24
0.4954954954954955,450,2.5,0.0,0.0,7.776505554294456e-13,,9.929327736346237e-23
0.4964964964964965,450,2.5,100.0,7.519086454753802e-08,7.776505554294456e-13,0.0,8.337470009355457e-24
0.4974974974974975,450,2.5,200.0,1.2531810757923004e-07,7.776505554294456e-13,0.0,5.90575374144646e-24
0.4984984984984985,450,2.5,300.0,1.7544535061092206e-07,7.776505554294456e-13,0.0,4.824833223044732e-24
0.4994994994994995,450,2.5,400.0,2.2557259364261405e-07,7.776505554294456e-13,0.0,4.179644542317538e-24
0.5005005005005005,450,2.5,500.0,2.756998366743061e-07,7.776505554294456e-13,0.0,3.739040973516833e-24
0.5015015015015015,450,2.5,600.0,3.258270797059981e-07,7.776505554294456e-13,0.0,3.413659534382499e-24
0.5025025025025025,450,2.5,700.0,3.759543227376901e-07,7.776505554294456e-13,0.0,3.1606977062050698e-24
0.5035035035035035,450,2.5,800.0,4.2608156576938213e-07,7.776505554294456e-13,0.0,2.956746597759446e-24
0.5045045045045045,450,5.0,0.0,0.0,8.230358060504626e-13,,9.929327736346237e-23
0.5055055055055055,450,5.0,100.0,4.290984831740672e-07,8.230358060504626e-13,0.0,8.337470009355457e-24
0.5065065065065065,450,5.0,200.0,7.151641386234453e-07,8.230358060504626e-13,0.0,5.90575374144646e-24
0.5075075075075075,450,5.0,300.0,1.0012297940728234e-06,8.230358060504626e-13,0.0,4.824833223044732e-24
0.5085085085085085,450,5.0,400.0,1.2872954495222016e-06,8.230358060504626e-13,0.0,4.179644542317538e-24
0.5095095095095095,450,5.0,500.0,1.5733611049715796e-06,8.230358060504626e-13,0.0,3.739040973516833e-24
0.5105105105105106,450,5.0,600.0,1.8594267604209578e-06,8.230358060504626e-13,0.0,3.413659534382499e-24
0.5115115115115115,450,5.0,700.0,2.145492415870336e-06,8.230358060504626e-13,0.0,3.1606977062050698e-24
0.5125125125125125,450,5.0,800.0,2.431558071319714e-06,8.230358060504626e-13,0.0,2.956746597759446e-24
0.5135135135135135,450,7.5,0.0,0.0,8.275856736971405e-13,,9.929327736346237e-23
0.5145145145145145,450,7.5,100.0,1.0730943137895547e-06,8.275856736971405e-13,0.0,8.337470009355457e-24
0.5155155155155156,450,7.5,200.0,1.788490522982591e-06,8.275856736971405e-13,0.0,5.90575374144646e-24
0.5165165165165165,450,7.5,300.0,2.5038867321756276e-06,8.275856736971405e-13,0.0,4.824833223044732e-24
0.5175175175175175,450,7.5,400.0,3.219282941368664e-06,8.275856736971405e-13,0.0,4.179644542317538e-24
0.5185185185185185,450,7.5,500.0,3.9346791505617e-06,8.275856736971405e-13,0.0,3.739040973516833e-24
0.5195195195195195,450,7.5,600.0,4.650075359754737e-06,8.275856736971405e-13,0.0,3.413659534382499e-24
0.5205205205205206,450,7.5,700.0,5.365471568947773e-06,8.275856736971405e-13,0.0,3.1606977062050698e-24
0.5215215215215215,450,7.5,800.0,6.08086777814081e-06,8.275856736971405e-13,0.0,2.956746597759446e-24
0.5225225225225225,450,10.0,0.0,0.0,8.279659430970277e-13,,9.929327736346237e-23
0.5235235235235235,450,10.0,100.0,2.007178356394001e-06,8.279659430970277e-13,0.0,8.337470009355457e-24
0.5245245245245245,450,10.0,200.0,3.3452972606566684e-06,8.279659430970277e-13,0.0,5.90575374144646e-24
0.5255255255255256,450,10.0,300.0,4.683416164919336e-06,8.279659430970277e-13,0.0,4.824833223044732e-24
0.5265265265265265,450,10.0,400.0,6.021535069182003e-06,8.279659430970277e-13,0.0,4.179644542317538e-24
0.5275275275275275,450,10.0,500.0,7.359653973444671e-06,8.279659430970277e-13,0.0,3.739040973516833e-24
0.5285285285285285,450,10.0,600.0,8.697772877707337e-06,8.279659430970277e-13,0.0,3.413659534382499e-24
0.5295295295295295,450,10.0,700.0,1.0035891781970006e-05,8.279659430970277e-13,0.0,3.1606977062050698e-24
0.5305305305305306,450,10.0,800.0,1.1374010686232672e-05,8.279659430970277e-13,0.0,2.956746597759446e-24
0.5315315315315315,450,12.5,0.0,0.0,8.27997204122489e-13,,9.929327736346237e-23
0.5325325325325325,450,12.5,100.0,3.2313506109874052e-06,8.27997204122489e-13,0.0,8.337470009355457e-24
0.5335335335335335,450,12.5,200.0,5.385584351645675e-06,8.27997204122489e-13,0.0,5.90575374144646e-24
0.5345345345345345,450,12.5,300.0,7.539818092303945e-06,8.27997204122489e-13,0.0,4.824833223044732e-24
0.5355355355355356,450,12.5,400.0,9.694051832962216e-06,8.27997204122489e-13,0.0,4.179644542317538e-24
0.5365365365365365,450,12.5,500.0,1.1848285573620485e-05,8.27997204122489e-13,0.0,3.739040973516833e-24
0.5375375375375375,450,12.5,600.0,1.4002519314278755e-05,8.27997204122489e-13,0.0,3.413659534382499e-24
0.5385385385385385,450,12.5,700.0,1.6156753054937024e-05,8.27997204122489e-13,0.0,3.1606977062050698e-24
0.5395395395395395,450,12.5,800.0,1.8310986795595296e-05,8.27997204122489e-13,0.0,2.956746597759446e-24
0.5405405405405406,450,15.0,0.0,0.0,8.279997704982643e-13,,9.929327736346237e-23
0.5415415415415415,450,15.0,100.0,4.745611077569769e-06,8.279997704982643e-13,0.0,8.337470009355457e-24
0.5425425425425425,450,15.0,200.0,7.909351795949613e-06,8.279997704982643e-13,0.0,5.90575374144646e-24
0.5435435435435435,450,15.0,300.0,1.107309251432946e-05,8.279997704982643e-13,0.0,4.824833223044732e-24
0.5445445445445445,450,15.0,400.0,1.4236833232709305e-05,8.279997704982643e-13,0.0,4.179644542317538e-24
0.5455455455455456,450,15.0,500.0,1.740057395108915e-05,8.279997704982643e-13,0.0,3.739040973516833e-24
0.5465465465465466,450,15.0,600.0,2.0564314669468997e-05,8.279997704982643e-13,0.0,3.413659534382499e-24
0.5475475475475475,450,15.0,700.0,2.3728055387848842e-05,8.279997704982643e-13,0.0,3.1606977062050698e-24
0.5485485485485485,450,15.0,800.0,2.6891796106228687e-05,8.279997704982643e-13,0.0,2.956746597759446e-24
0.5495495495495496,450,17.5,0.0,0.0,8.279999811613358e-13,,9.929327736346237e-23
0.5505505505505506,450,17.5,100.0,6.549959756141089e-06,8.279999811613358e-13,0.0,8.337470009355457e-24
0.5515515515515516,450,17.5,200.0,1.0916599593568482e-05,8.279999811613358e-13,0.0,5.90575374144646e-24
0.5525525525525525,450,17.5,300.0,1.5283239430995876e-05,8.279999811613358e-13,0.0,4.824833223044732e-24
0.5535535535535535,450,17.5,400.0,1.9649879268423266e-05,8.279999811613358e-13,0.0,4.179644542317538e-24
0.5545545545545546,450,17.5,500.0,2.401651910585066e-05,8.279999811613358e-13,0.0,3.739040973516833e-24
0.5555555555555556,450,17.5,600.0,2.8383158943278053e-05,8.279999811613358e-13,0.0,3.413659534382499e-24
0.5565565565565566,450,17.5,700.0,3.274979878070545e-05,8.279999811613358e-13,0.0,3.1606977062050698e-24
0.5575575575575575,450,17.5,800.0,3.711643861813284e-05,8.279999811613358e-13,0.0,2.956746597759446e-24
0.5585585585585585,450,20.0,0.0,0.0,8.27999998453628e-13,,9.929327736346237e-23
0.5595595595595596,450,20.0,100.0,8.644396646701368e-06,8.27999998453628e-13,0.0,8.337470009355457e-24
0.5605605605605606,450,20.0,200.0,1.4407327744502283e-05,8.27999998453628e-13,0.0,5.90575374144646e-24
0.5615615615615616,450,20.0,300.0,2.0170258842303194e-05,8.27999998453628e-13,0.0,4.824833223044732e-24
0.5625625625625625,450,20.0,400.0,2.593318994010411e-05,8.27999998453628e-13,0.0,4.179644542317538e-24
0.5635635635635635,450,20.0,500.0,3.169612103790502e-05,8.27999998453628e-13,0.0,3.739040973516833e-24
0.5645645645645646,450,20.0,600.0,3.745905213570593e-05,8.27999998453628e-13,0.0,3.413659534382499e-24
0.5655655655655656,450,20.0,700.0,4.3221983233506845e-05,8.27999998453628e-13,0.0,3.1606977062050698e-24
0.5665665665665666,450,20.0,800.0,4.898491433130776e-05,8.27999998453628e-13,0.0,2.956746597759446e-24
